{
  "EventType": {
    "precision": 0.10302351623740201,
    "recall": 0.9019607843137255,
    "f1-score": 0.18492462311557792,
    "support": 102,
    "confused_with": {}
  },
  "micro avg": {
    "precision": 0.10302351623740201,
    "recall": 0.9019607843137255,
    "f1-score": 0.18492462311557792,
    "support": 102
  },
  "macro avg": {
    "precision": 0.10302351623740201,
    "recall": 0.9019607843137255,
    "f1-score": 0.18492462311557792,
    "support": 102
  },
  "weighted avg": {
    "precision": 0.10302351623740201,
    "recall": 0.9019607843137255,
    "f1-score": 0.18492462311557795,
    "support": 102
  }
}